region,year,cpi,csi,cluster
강원특별자치도,1990,38.294,NA,Gangwon-do
강원특별자치도,1991,41.973,0.09607249177416834,Gangwon-do
강원특별자치도,1992,44.893,0.06956853215162133,Gangwon-do
강원특별자치도,1993,46.869,0.04401577083286925,Gangwon-do
강원특별자치도,1994,49.881,0.06426422582090509,Gangwon-do
강원특별자치도,1995,52.056,0.04360377698923432,Gangwon-do
강원특별자치도,1996,54.994,0.05643921930228989,Gangwon-do
강원특별자치도,1997,57.111,0.03849510855729711,Gangwon-do
강원특별자치도,1998,62.109,0.08751378893733265,Gangwon-do
강원특별자치도,1999,62.976,0.013959329565763373,Gangwon-do
강원특별자치도,2000,64.074,0.01743521341463413,Gangwon-do
강원특별자치도,2001,66.519,0.03815900365202746,Gangwon-do
강원특별자치도,2002,67.715,0.017979825313068413,Gangwon-do
강원특별자치도,2003,70.049,0.03446799084397848,Gangwon-do
강원특별자치도,2004,72.745,0.038487344573084524,Gangwon-do
강원특별자치도,2005,75.324,0.035452608426695904,Gangwon-do
강원특별자치도,2006,77.038,0.02275503159683499,Gangwon-do
강원특별자치도,2007,78.833,0.02330018951686183,Gangwon-do
강원특별자치도,2008,83.026,0.053188385574569,Gangwon-do
강원특별자치도,2009,84.602,0.01898200563678857,Gangwon-do
강원특별자치도,2010,87.156,0.030188411621474693,Gangwon-do
강원특별자치도,2011,90.933,0.043336087016384424,Gangwon-do
강원특별자치도,2012,92.692,0.019343912550998932,Gangwon-do
강원특별자치도,2013,93.697,0.010842359642687715,Gangwon-do
강원특별자치도,2014,94.334,0.006798510091038139,Gangwon-do
강원특별자치도,2015,94.369,3.710221129178937e-4,Gangwon-do
강원특별자치도,2016,95.11,0.007852154838983137,Gangwon-do
강원특별자치도,2017,97.013,0.02000841131321634,Gangwon-do
강원특별자치도,2018,98.557,0.01591539278241057,Gangwon-do
강원특별자치도,2019,99.384,0.008391083332487781,Gangwon-do
강원특별자치도,2020,100,0.0061981807936891216,Gangwon-do
강원특별자치도,2021,102.8,0.027999999999999973,Gangwon-do
강원특별자치도,2022,108.98,0.0601167315175098,Gangwon-do
강원특별자치도,2023,112.99,0.03679574233804359,Gangwon-do
강원특별자치도,2024,115.64,0.023453402956013857,Gangwon-do
경기도,1990,37.386,NA,Gyeonggi-do
경기도,1991,40.807,0.09150484138447545,Gyeonggi-do
경기도,1992,43.782,0.07290415860024001,Gyeonggi-do
경기도,1993,46.044,0.05166506783609704,Gyeonggi-do
경기도,1994,48.86,0.06115889149509171,Gyeonggi-do
경기도,1995,51.428,0.052558329922226726,Gyeonggi-do
경기도,1996,54.343,0.05668118534650397,Gyeonggi-do
경기도,1997,56.786,0.04495519202105143,Gyeonggi-do
경기도,1998,60.816,0.0709681963864333,Gyeonggi-do
경기도,1999,61.373,0.009158774006840224,Gyeonggi-do
경기도,2000,62.912,0.025076173561663948,Gyeonggi-do
경기도,2001,65.528,0.041581892166836325,Gyeonggi-do
경기도,2002,67.577,0.031269075814918695,Gyeonggi-do
경기도,2003,69.868,0.03390206727140886,Gyeonggi-do
경기도,2004,72.28,0.034522241941947765,Gyeonggi-do
경기도,2005,74.284,0.027725511898173835,Gyeonggi-do
경기도,2006,76.097,0.024406332453825695,Gyeonggi-do
경기도,2007,78.004,0.025060120635504828,Gyeonggi-do
경기도,2008,81.767,0.048241115840213206,Gyeonggi-do
경기도,2009,84.138,0.02899702814093717,Gyeonggi-do
경기도,2010,86.546,0.028619648672419135,Gyeonggi-do
경기도,2011,89.871,0.03841887551128866,Gyeonggi-do
경기도,2012,91.769,0.021119159684436697,Gyeonggi-do
경기도,2013,92.89,0.012215454020420785,Gyeonggi-do
경기도,2014,94.038,0.012358703843255422,Gyeonggi-do
경기도,2015,94.734,0.007401263319083753,Gyeonggi-do
경기도,2016,95.624,0.009394726286233038,Gyeonggi-do
경기도,2017,97.545,0.0200890989709697,Gyeonggi-do
경기도,2018,98.994,0.014854682454251863,Gyeonggi-do
경기도,2019,99.396,0.004060852172858971,Gyeonggi-do
경기도,2020,100,0.006076703287858658,Gyeonggi-do
경기도,2021,102.57,0.02569999999999993,Gyeonggi-do
경기도,2022,107.72,0.050209612947255594,Gyeonggi-do
경기도,2023,111.55,0.03555514296323801,Gyeonggi-do
경기도,2024,114.13,0.023128641864634678,Gyeonggi-do
경상남도,1990,39.876,NA,Gyeongsangnam-do
경상남도,1991,43.504,0.0909820443374461,Gyeongsangnam-do
경상남도,1992,46.062,0.05879919087899963,Gyeongsangnam-do
경상남도,1993,47.526,0.03178324866484317,Gyeongsangnam-do
경상남도,1994,50.114,0.05445440390523069,Gyeongsangnam-do
경상남도,1995,52.467,0.04695294728020118,Gyeongsangnam-do
경상남도,1996,55.028,0.048811633979453754,Gyeongsangnam-do
경상남도,1997,57.774,0.049901868139856115,Gyeongsangnam-do
경상남도,1998,62.491,0.08164572298958006,Gyeongsangnam-do
경상남도,1999,62.697,0.0032964746923557484,Gyeongsangnam-do
경상남도,2000,63.845,0.018310285978595405,Gyeongsangnam-do
경상남도,2001,66.331,0.0389380530973452,Gyeongsangnam-do
경상남도,2002,67.986,0.024950626403943875,Gyeongsangnam-do
경상남도,2003,70.449,0.03622804695084273,Gyeongsangnam-do
경상남도,2004,72.699,0.03193799770046417,Gyeongsangnam-do
경상남도,2005,74.616,0.026369000949118992,Gyeongsangnam-do
경상남도,2006,76.108,0.019995711375576344,Gyeongsangnam-do
경상남도,2007,77.899,0.02353234876754082,Gyeongsangnam-do
경상남도,2008,81.878,0.051078961219014354,Gyeongsangnam-do
경상남도,2009,84.271,0.02922641002467086,Gyeongsangnam-do
경상남도,2010,87.111,0.033700798613995366,Gyeongsangnam-do
경상남도,2011,90.778,0.042095716958822665,Gyeongsangnam-do
경상남도,2012,92.52,0.019189671506311994,Gyeongsangnam-do
경상남도,2013,93.723,0.01300259403372247,Gyeongsangnam-do
경상남도,2014,94.997,0.01359324818881172,Gyeongsangnam-do
경상남도,2015,95.521,0.005515963662010389,Gyeongsangnam-do
경상남도,2016,96.405,0.009254509479590878,Gyeongsangnam-do
경상남도,2017,97.952,0.016046885534982593,Gyeongsangnam-do
경상남도,2018,99.304,0.013802678863116669,Gyeongsangnam-do
경상남도,2019,99.385,8.156771127044536e-4,Gyeongsangnam-do
경상남도,2020,100,0.006188056547768726,Gyeongsangnam-do
경상남도,2021,102.53,0.02530000000000001,Gyeongsangnam-do
경상남도,2022,107.98,0.05315517409538675,Gyeongsangnam-do
경상남도,2023,111.76,0.03500648268197815,Gyeongsangnam-do
경상남도,2024,114.25,0.0222798854688618,Gyeongsangnam-do
경상북도,1990,40.778,NA,Gyeongsangbuk-do
경상북도,1991,44.146,0.08259355534847226,Gyeongsangbuk-do
경상북도,1992,46.789,0.0598695238526707,Gyeongsangbuk-do
경상북도,1993,48.386,0.034131954091773734,Gyeongsangbuk-do
경상북도,1994,51.376,0.06179473401397088,Gyeongsangbuk-do
경상북도,1995,54.246,0.05586265960759897,Gyeongsangbuk-do
경상북도,1996,57.226,0.05493492607749874,Gyeongsangbuk-do
경상북도,1997,59.938,0.04739104602802927,Gyeongsangbuk-do
경상북도,1998,64.233,0.07165737929193502,Gyeongsangbuk-do
경상북도,1999,64.825,0.0092164463749163,Gyeongsangbuk-do
경상북도,2000,65.734,0.014022367913613448,Gyeongsangbuk-do
경상북도,2001,68.04,0.03508078011379213,Gyeongsangbuk-do
경상북도,2002,69.24,0.017636684303350803,Gyeongsangbuk-do
경상북도,2003,71.015,0.02563547082611216,Gyeongsangbuk-do
경상북도,2004,73.414,0.03378159543758362,Gyeongsangbuk-do
경상북도,2005,75.593,0.029680987277630997,Gyeongsangbuk-do
경상북도,2006,77.345,0.02317674916989662,Gyeongsangbuk-do
경상북도,2007,79.241,0.024513543215463195,Gyeongsangbuk-do
경상북도,2008,83.437,0.052952385759897,Gyeongsangbuk-do
경상북도,2009,85.409,0.023634598559392216,Gyeongsangbuk-do
경상북도,2010,88.111,0.03163601025653032,Gyeongsangbuk-do
경상북도,2011,91.863,0.04258265142831196,Gyeongsangbuk-do
경상북도,2012,93.713,0.020138684780597133,Gyeongsangbuk-do
경상북도,2013,94.798,0.011577902745617022,Gyeongsangbuk-do
경상북도,2014,95.758,0.010126795923964574,Gyeongsangbuk-do
경상북도,2015,95.795,3.8639069320585374e-4,Gyeongsangbuk-do
경상북도,2016,96.452,0.006858395532125857,Gyeongsangbuk-do
경상북도,2017,98.24,0.01853771824327123,Gyeongsangbuk-do
경상북도,2018,99.703,0.01489210097719878,Gyeongsangbuk-do
경상북도,2019,99.875,0.0017251236171428848,Gyeongsangbuk-do
경상북도,2020,100,0.0012515644555694619,Gyeongsangbuk-do
경상북도,2021,102.74,0.02739999999999995,Gyeongsangbuk-do
경상북도,2022,108.74,0.05839984426708196,Gyeongsangbuk-do
경상북도,2023,112.39,0.03356630494758144,Gyeongsangbuk-do
경상북도,2024,114.88,0.022154995996085017,Gyeongsangbuk-do
광주광역시,1990,38.664,NA,Gwangju
광주광역시,1991,42.087,0.0885319677219119,Gwangju
광주광역시,1992,44.597,0.05963836814218162,Gwangju
광주광역시,1993,46.775,0.04883736574209021,Gwangju
광주광역시,1994,49.852,0.06578300374131477,Gwangju
광주광역시,1995,52.063,0.04435127978817311,Gwangju
광주광역시,1996,54.944,0.055336803488081746,Gwangju
광주광역시,1997,57.644,0.04914094350611524,Gwangju
광주광역시,1998,62.309,0.08092776351398236,Gwangju
광주광역시,1999,62.695,0.006194931711309808,Gwangju
광주광역시,2000,63.967,0.020288699258314037,Gwangju
광주광역시,2001,66.312,0.0366595275689027,Gwangju
광주광역시,2002,67.756,0.02177584750874657,Gwangju
광주광역시,2003,69.985,0.032897455575889946,Gwangju
광주광역시,2004,72.948,0.042337643780810084,Gwangju
광주광역시,2005,75.166,0.03040522015682409,Gwangju
광주광역시,2006,76.851,0.022417050262086614,Gwangju
광주광역시,2007,78.855,0.02607643361830041,Gwangju
광주광역시,2008,82.595,0.04742882505865189,Gwangju
광주광역시,2009,84.681,0.025255766087535547,Gwangju
광주광역시,2010,87.173,0.02942808894557226,Gwangju
광주광역시,2011,90.726,0.040758032877152295,Gwangju
광주광역시,2012,92.347,0.01786698410598941,Gwangju
광주광역시,2013,93.54,0.012918665468288218,Gwangju
광주광역시,2014,95.041,0.01604661107547563,Gwangju
광주광역시,2015,95.306,0.002788270325438501,Gwangju
광주광역시,2016,96.18,0.009170461460978422,Gwangju
광주광역시,2017,98.191,0.020908712830110164,Gwangju
광주광역시,2018,99.345,0.0117526046175311,Gwangju
광주광역시,2019,99.564,0.0022044390759473963,Gwangju
광주광역시,2020,100,0.004379092844803414,Gwangju
광주광역시,2021,102.57,0.02569999999999993,Gwangju
광주광역시,2022,107.79,0.05089207370576205,Gwangju
광주광역시,2023,111.76,0.03683087484924389,Gwangju
광주광역시,2024,114.57,0.025143163922691374,Gwangju
대구광역시,1990,39.025,NA,Daegu
대구광역시,1991,42.706,0.09432415118513784,Daegu
대구광역시,1992,45.399,0.06305905493373291,Daegu
대구광역시,1993,47.861,0.05423026938919351,Daegu
대구광역시,1994,50.8,0.061406991078331,Daegu
대구광역시,1995,53.226,0.04775590551181107,Daegu
대구광역시,1996,55.812,0.048585277871716806,Daegu
대구광역시,1997,58.203,0.0428402494087294,Daegu
대구광역시,1998,62.28,0.07004793567341887,Daegu
대구광역시,1999,62.364,0.001348747591522095,Daegu
대구광역시,2000,63.668,0.0209094990699763,Daegu
대구광역시,2001,66.061,0.037585600301564485,Daegu
대구광역시,2002,67.653,0.02409893885953889,Daegu
대구광역시,2003,69.886,0.03300666637104031,Daegu
대구광역시,2004,71.945,0.029462267120739457,Daegu
대구광역시,2005,73.796,0.025727986656473883,Daegu
대구광역시,2006,75.481,0.02283321589246013,Daegu
대구광역시,2007,77.264,0.023621838608391534,Daegu
대구광역시,2008,80.979,0.04808190101470288,Daegu
대구광역시,2009,82.885,0.02353696637399827,Daegu
대구광역시,2010,85.229,0.02828014719189231,Daegu
대구광역시,2011,88.766,0.04149995893416567,Daegu
대구광역시,2012,90.939,0.024480093729581005,Daegu
대구광역시,2013,92.442,0.016527562431959887,Daegu
대구광역시,2014,93.769,0.0143549468856149,Daegu
대구광역시,2015,94.464,0.007411831202209613,Daegu
대구광역시,2016,95.412,0.010035569105691136,Daegu
대구광역시,2017,97.358,0.020395757347084202,Daegu
대구광역시,2018,99.047,0.01734834322808596,Daegu
대구광역시,2019,99.71,0.006693791836198944,Daegu
대구광역시,2020,100,0.002908434459933871,Daegu
대구광역시,2021,102.64,0.026400000000000007,Daegu
대구광역시,2022,108.02,0.05241621200311765,Daegu
대구광역시,2023,111.79,0.034900944269579806,Daegu
대구광역시,2024,114.2,0.02155827891582428,Daegu
대전광역시,1990,37.895,NA,Daejeon
대전광역시,1991,41.091,0.08433830320622768,Daejeon
대전광역시,1992,44.066,0.07240028230026042,Daejeon
대전광역시,1993,46.877,0.06379067761993373,Daejeon
대전광역시,1994,50.664,0.08078588646884396,Daejeon
대전광역시,1995,53.519,0.05635165008684661,Daejeon
대전광역시,1996,56.137,0.048917206973224506,Daejeon
대전광역시,1997,58.603,0.043928246967240875,Daejeon
대전광역시,1998,62.996,0.07496203266044402,Daejeon
대전광역시,1999,63.286,0.004603466886786449,Daejeon
대전광역시,2000,64.723,0.022706443763233535,Daejeon
대전광역시,2001,67.198,0.038239883812554956,Daejeon
대전광역시,2002,68.773,0.023438197565403777,Daejeon
대전광역시,2003,70.941,0.03152399924388941,Daejeon
대전광역시,2004,73.648,0.03815846971426951,Daejeon
대전광역시,2005,75.8,0.02922007386487075,Daejeon
대전광역시,2006,77.733,0.025501319261213812,Daejeon
대전광역시,2007,79.641,0.024545559800856792,Daejeon
대전광역시,2008,83.393,0.04711141246342958,Daejeon
대전광역시,2009,85.288,0.022723729809456382,Daejeon
대전광역시,2010,87.896,0.030578744958259123,Daejeon
대전광역시,2011,91.837,0.044837080185674005,Daejeon
대전광역시,2012,93.669,0.019948386815771352,Daejeon
대전광역시,2013,94.592,0.009853847057190767,Daejeon
대전광역시,2014,95.459,0.009165679972936448,Daejeon
대전광역시,2015,95.648,0.0019799076043117247,Daejeon
대전광역시,2016,96.297,0.006785296085647384,Daejeon
대전광역시,2017,97.894,0.016584109577660867,Daejeon
대전광역시,2018,99.412,0.015506568329008935,Daejeon
대전광역시,2019,99.622,0.0021124210356897933,Daejeon
대전광역시,2020,100,0.0037943426150850224,Daejeon
대전광역시,2021,102.5,0.025,Daejeon
대전광역시,2022,107.52,0.04897560975609752,Daejeon
대전광역시,2023,111.24,0.034598214285714274,Daejeon
대전광역시,2024,113.88,0.023732470334412087,Daejeon
부산광역시,1990,37.076,NA,Busan
부산광역시,1991,40.679,0.09717876793613123,Busan
부산광역시,1992,43.593,0.07163401263551221,Busan
부산광역시,1993,45.453,0.0426674007294749,Busan
부산광역시,1994,48.592,0.06906034805183367,Busan
부산광역시,1995,50.756,0.044534079683898616,Busan
부산광역시,1996,53.466,0.05339270234060999,Busan
부산광역시,1997,56.258,0.05222010249504361,Busan
부산광역시,1998,60.678,0.07856660386078415,Busan
부산광역시,1999,61.478,0.013184350176340754,Busan
부산광역시,2000,62.71,0.020039688994437022,Busan
부산광역시,2001,65.291,0.04115771009408381,Busan
부산광역시,2002,66.963,0.02560842995206073,Busan
부산광역시,2003,69.366,0.035885489001388916,Busan
부산광역시,2004,71.462,0.030216532595219614,Busan
부산광역시,2005,73.441,0.027693039657440306,Busan
부산광역시,2006,75.063,0.02208575591290968,Busan
부산광역시,2007,76.906,0.02455270905772489,Busan
부산광역시,2008,80.547,0.04734351025927744,Busan
부산광역시,2009,82.996,0.03040460848945334,Busan
부산광역시,2010,85.55,0.030772567352643526,Busan
부산광역시,2011,89.363,0.04457042665108127,Busan
부산광역시,2012,91.502,0.023936080928348376,Busan
부산광역시,2013,92.852,0.014753775873751488,Busan
부산광역시,2014,94.019,0.012568388403050032,Busan
부산광역시,2015,94.807,0.008381284633956931,Busan
부산광역시,2016,95.929,0.011834569177381415,Busan
부산광역시,2017,97.639,0.017825683578479853,Busan
부산광역시,2018,99.343,0.0174520427288277,Busan
부산광역시,2019,99.824,0.004841810696274469,Busan
부산광역시,2020,100,0.0017631030613880624,Busan
부산광역시,2021,102.46,0.024599999999999938,Busan
부산광역시,2022,107.35,0.04772594183095843,Busan
부산광역시,2023,111.33,0.037074988355845405,Busan
부산광역시,2024,114.12,0.025060630557801188,Busan
서울특별시,1990,38.225,NA,Seoul
서울특별시,1991,41.948,0.09739699149771089,Seoul
서울특별시,1992,44.319,0.05652236101840379,Seoul
서울특별시,1993,46.517,0.049594981836232774,Seoul
서울특별시,1994,49.323,0.06032203280521094,Seoul
서울특별시,1995,51.234,0.038744601909859525,Seoul
서울특별시,1996,53.403,0.0423351680524651,Seoul
서울특별시,1997,55.653,0.0421324644682883,Seoul
서울특별시,1998,59.803,0.07456920561335416,Seoul
서울특별시,1999,60.298,0.008277176730264445,Seoul
서울특별시,2000,61.828,0.02537397591959934,Seoul
서울특별시,2001,64.512,0.043410752409911324,Seoul
서울특별시,2002,66.64,0.03298611111111111,Seoul
서울특별시,2003,69.18,0.03811524609843947,Seoul
서울특별시,2004,71.874,0.03894189071986106,Seoul
서울특별시,2005,73.755,0.02617079889807163,Seoul
서울특별시,2006,75.279,0.02066300589790524,Seoul
서울특별시,2007,77.252,0.02620916855962485,Seoul
서울특별시,2008,80.466,0.041604100864702516,Seoul
서울특별시,2009,82.838,0.029478288966768573,Seoul
서울특별시,2010,85.162,0.02805475747845207,Seoul
서울특별시,2011,88.412,0.038162560766539066,Seoul
서울특별시,2012,90.605,0.024804325204723313,Seoul
서울특별시,2013,91.869,0.013950664974339118,Seoul
서울특별시,2014,93.3,0.015576527446690368,Seoul
서울특별시,2015,94.47,0.012540192926045034,Seoul
서울특별시,2016,95.585,0.011802688684238328,Seoul
서울특별시,2017,97.494,0.019971752890097883,Seoul
서울특별시,2018,98.799,0.013385439103944928,Seoul
서울특별시,2019,99.382,0.0059008694419983845,Seoul
서울특별시,2020,100,0.006218429896761938,Seoul
서울특별시,2021,102.1,0.020999999999999942,Seoul
서울특별시,2022,106.69,0.0449559255631734,Seoul
서울특별시,2023,110.88,0.03927265910582058,Seoul
서울특별시,2024,113.5,0.02362914862914867,Seoul
소계,1990,38.48,NA,NA
소계,1991,42.071,0.09332120582120586,NA
소계,1992,44.685,0.06213306077820837,NA
소계,1993,46.831,0.04802506433926375,NA
소계,1994,49.765,0.06265080822532078,NA
소계,1995,51.995,0.044810609866371885,NA
소계,1996,54.555,0.049235503413789836,NA
소계,1997,56.977,0.044395564109614094,NA
소계,1998,61.258,0.07513558102392204,NA
소계,1999,61.756,0.00812955042606676,NA
소계,2000,63.151,0.02258889824470502,NA
소계,2001,65.719,0.04066443920127932,NA
소계,2002,67.534,0.02761758395593378,NA
소계,2003,69.908,0.035152663843397325,NA
소계,2004,72.418,0.03590433140699212,NA
소계,2005,74.413,0.02754839956916775,NA
소계,2006,76.081,0.022415438162686714,NA
소계,2007,78.01,0.025354556328124,NA
소계,2008,81.656,0.046737597743879,NA
소계,2009,83.906,0.027554619378857646,NA
소계,2010,86.373,0.029401949800967733,NA
소계,2011,89.85,0.040255635441630945,NA
소계,2012,91.815,0.021869782971619404,NA
소계,2013,93.01,0.013015302510483117,NA
소계,2014,94.196,0.012751317062681355,NA
소계,2015,94.861,0.007059747759989875,NA
소계,2016,95.783,0.009719484298078208,NA
소계,2017,97.645,0.01943977532547524,NA
소계,2018,99.086,0.01475754006861593,NA
소계,2019,99.466,0.0038350523787416533,NA
소계,2020,100,0.00536866869080898,NA
소계,2021,102.5,0.025,NA
소계,2022,107.72,0.05092682926829267,NA
소계,2023,111.59,0.03592647604901601,NA
소계,2024,114.18,0.023209965050631807,NA
울산광역시,1990,40.119,NA,Ulsan
울산광역시,1991,43.453,0.08310276926144727,Ulsan
울산광역시,1992,45.499,0.047085356592180036,Ulsan
울산광역시,1993,46.668,0.025692872370821268,Ulsan
울산광역시,1994,49.109,0.05230564841004548,Ulsan
울산광역시,1995,51.541,0.049522490785802904,Ulsan
울산광역시,1996,54.35,0.054500300731456605,Ulsan
울산광역시,1997,56.673,0.04274149034038639,Ulsan
울산광역시,1998,61.59,0.0867608914297814,Ulsan
울산광역시,1999,62.26,0.010878389348920192,Ulsan
울산광역시,2000,63.407,0.018422743334404086,Ulsan
울산광역시,2001,65.917,0.03958553472014139,Ulsan
울산광역시,2002,67.623,0.02588103220716967,Ulsan
울산광역시,2003,69.927,0.034071247948183336,Ulsan
울산광역시,2004,72.596,0.038168375591688425,Ulsan
울산광역시,2005,74.823,0.03067662130144897,Ulsan
울산광역시,2006,76.875,0.027424722344733664,Ulsan
울산광역시,2007,79.064,0.02847479674796739,Ulsan
울산광역시,2008,83.18,0.052059091369017686,Ulsan
울산광역시,2009,85.113,0.023238759317143455,Ulsan
울산광역시,2010,87.815,0.031746031746031723,Ulsan
울산광역시,2011,91.313,0.039833741388145584,Ulsan
울산광역시,2012,93.272,0.021453681294010745,Ulsan
울산광역시,2013,94.688,0.015181404923235234,Ulsan
울산광역시,2014,95.812,0.01187056437985801,Ulsan
울산광역시,2015,96.251,0.004581889533670179,Ulsan
울산광역시,2016,97.205,0.009911585334178278,Ulsan
울산광역시,2017,99.006,0.018527853505478132,Ulsan
울산광역시,2018,100.026,0.010302405914793002,Ulsan
울산광역시,2019,99.705,-0.0032091656169395753,Ulsan
울산광역시,2020,100,0.0029587282483325983,Ulsan
울산광역시,2021,102.49,0.02489999999999995,Ulsan
울산광역시,2022,107.57,0.04956581129866327,Ulsan
울산광역시,2023,111.43,0.035883610672120606,Ulsan
울산광역시,2024,113.97,0.022794579556672277,Ulsan
인천광역시,1990,38.651,NA,Incheon
인천광역시,1991,41.859,0.08299914620579023,Incheon
인천광역시,1992,44.668,0.06710623760720508,Incheon
인천광역시,1993,46.858,0.04902838721232197,Incheon
인천광역시,1994,49.632,0.05920013658286741,Incheon
인천광역시,1995,52.197,0.05168036750483569,Incheon
인천광역시,1996,54.976,0.05324060769776034,Incheon
인천광역시,1997,57.372,0.043582654249126905,Incheon
인천광역시,1998,61.313,0.06869204489995125,Incheon
인천광역시,1999,61.869,0.009068223704597677,Incheon
인천광역시,2000,63.585,0.027736022887067856,Incheon
인천광역시,2001,66.356,0.043579460564598466,Incheon
인천광역시,2002,68.067,0.02578515884019529,Incheon
인천광역시,2003,70.25,0.032071341472372915,Incheon
인천광역시,2004,72.692,0.03476156583629884,Incheon
인천광역시,2005,74.541,0.025436086501953503,Incheon
인천광역시,2006,76.324,0.023919722032170233,Incheon
인천광역시,2007,78.1,0.02326922069073943,Incheon
인천광역시,2008,81.945,0.04923175416133162,Incheon
인천광역시,2009,84.132,0.026688632619440013,Incheon
인천광역시,2010,86.796,0.03166452717158752,Incheon
인천광역시,2011,89.761,0.0341605603944881,Incheon
인천광역시,2012,91.542,0.01984157930504346,Incheon
인천광역시,2013,92.533,0.010825631950361578,Incheon
인천광역시,2014,93.832,0.0140382350080511,Incheon
인천광역시,2015,94.76,0.009890016199164587,Incheon
인천광역시,2016,95.571,0.008558463486703175,Incheon
인천광역시,2017,97.383,0.018959726276799423,Incheon
인천광역시,2018,98.96,0.016193791524187984,Incheon
인천광역시,2019,99.222,0.002647534357316092,Incheon
인천광역시,2020,100,0.007841003003366247,Incheon
인천광역시,2021,102.62,0.026200000000000046,Incheon
인천광역시,2022,107.96,0.0520366400311829,Incheon
인천광역시,2023,111.92,0.03668025194516495,Incheon
인천광역시,2024,114.79,0.025643316654753435,Incheon
전라남도,1990,38.804,NA,Jeollanam-do
전라남도,1991,42.145,0.0860993711988455,Jeollanam-do
전라남도,1992,44.596,0.05815636493059659,Jeollanam-do
전라남도,1993,46.633,0.04567674230872738,Jeollanam-do
전라남도,1994,49.744,0.06671241395578233,Jeollanam-do
전라남도,1995,52.236,0.050096494049533556,Jeollanam-do
전라남도,1996,55.091,0.054655792939735125,Jeollanam-do
전라남도,1997,57.406,0.042021382802998636,Jeollanam-do
전라남도,1998,62.177,0.08310977946556111,Jeollanam-do
전라남도,1999,62.891,0.011483345931775394,Jeollanam-do
전라남도,2000,64.454,0.024852522618498598,Jeollanam-do
전라남도,2001,66.65,0.034070810190213366,Jeollanam-do
전라남도,2002,67.993,0.020150037509377182,Jeollanam-do
전라남도,2003,70.131,0.031444413395496675,Jeollanam-do
전라남도,2004,72.596,0.03514850779255969,Jeollanam-do
전라남도,2005,74.513,0.026406413576505614,Jeollanam-do
전라남도,2006,76.066,0.02084200072470572,Jeollanam-do
전라남도,2007,77.947,0.024728525228091398,Jeollanam-do
전라남도,2008,81.673,0.04780171141929771,Jeollanam-do
전라남도,2009,83.952,0.027903958468526887,Jeollanam-do
전라남도,2010,86.753,0.03336430341147325,Jeollanam-do
전라남도,2011,90.635,0.04474773206690264,Jeollanam-do
전라남도,2012,92.434,0.019848844265460276,Jeollanam-do
전라남도,2013,93.687,0.013555618062617653,Jeollanam-do
전라남도,2014,94.627,0.010033409117593666,Jeollanam-do
전라남도,2015,94.595,-3.381698669512557e-4,Jeollanam-do
전라남도,2016,95.486,0.009419102489560816,Jeollanam-do
전라남도,2017,97.508,0.02117587918647751,Jeollanam-do
전라남도,2018,98.971,0.015003897116134144,Jeollanam-do
전라남도,2019,99.3,0.00332420608056899,Jeollanam-do
전라남도,2020,100,0.007049345417925507,Jeollanam-do
전라남도,2021,102.62,0.026200000000000046,Jeollanam-do
전라남도,2022,108.43,0.056616643929058685,Jeollanam-do
전라남도,2023,112.21,0.03486120077469323,Jeollanam-do
전라남도,2024,115.03,0.02513144995989669,Jeollanam-do
전북특별자치도,1990,38.137,NA,Jeollabuk-do
전북특별자치도,1991,41.421,0.08611060125337595,Jeollabuk-do
전북특별자치도,1992,44.462,0.07341686584099863,Jeollabuk-do
전북특별자치도,1993,46.639,0.048963159551976956,Jeollabuk-do
전북특별자치도,1994,50.081,0.07380089624563134,Jeollabuk-do
전북특별자치도,1995,52.865,0.05558994429024977,Jeollabuk-do
전북특별자치도,1996,55.657,0.05281377092594333,Jeollabuk-do
전북특별자치도,1997,58.129,0.04441489839552979,Jeollabuk-do
전북특별자치도,1998,62.314,0.07199504550224504,Jeollabuk-do
전북특별자치도,1999,62.354,6.41910325127566e-4,Jeollabuk-do
전북특별자치도,2000,63.922,0.025146742791160116,Jeollabuk-do
전북특별자치도,2001,66.394,0.03867213166046132,Jeollabuk-do
전북특별자치도,2002,67.72,0.01997168418833017,Jeollabuk-do
전북특별자치도,2003,70.037,0.03421441228588316,Jeollabuk-do
전북특별자치도,2004,72.743,0.038636720590544835,Jeollabuk-do
전북특별자치도,2005,74.746,0.027535295492349784,Jeollabuk-do
전북특별자치도,2006,76.378,0.021833944291333385,Jeollabuk-do
전북특별자치도,2007,78.253,0.02454895388724502,Jeollabuk-do
전북특별자치도,2008,82.09,0.04903326390042558,Jeollabuk-do
전북특별자치도,2009,84.482,0.029138750152271846,Jeollabuk-do
전북특별자치도,2010,87.25,0.03276437584337493,Jeollabuk-do
전북특별자치도,2011,91.066,0.04373638968481378,Jeollabuk-do
전북특별자치도,2012,93.051,0.02179737772604484,Jeollabuk-do
전북특별자치도,2013,94.173,0.012057903730212463,Jeollabuk-do
전북특별자치도,2014,95.233,0.011255880135495337,Jeollabuk-do
전북특별자치도,2015,95.205,-2.940157298416074e-4,Jeollabuk-do
전북특별자치도,2016,95.718,0.005388372459429707,Jeollabuk-do
전북특별자치도,2017,97.492,0.01853360914352578,Jeollabuk-do
전북특별자치도,2018,99.158,0.017088581627210404,Jeollabuk-do
전북특별자치도,2019,99.467,0.00311623873010748,Jeollabuk-do
전북특별자치도,2020,100,0.0053585611308273225,Jeollabuk-do
전북특별자치도,2021,102.59,0.025900000000000034,Jeollabuk-do
전북특별자치도,2022,108.06,0.05331903694317184,Jeollabuk-do
전북특별자치도,2023,111.62,0.03294466037386639,Jeollabuk-do
전북특별자치도,2024,114.24,0.023472495968464346,Jeollabuk-do
제주특별자치도,1990,38.462,NA,Jeju-do
제주특별자치도,1991,42.117,0.09502885965368399,Jeju-do
제주특별자치도,1992,45.067,0.07004297552057372,Jeju-do
제주특별자치도,1993,47.321,0.050014422970244256,Jeju-do
제주특별자치도,1994,50.276,0.06244584856617581,Jeju-do
제주특별자치도,1995,52.802,0.050242660513962846,Jeju-do
제주특별자치도,1996,55.371,0.04865346009620853,Jeju-do
제주특별자치도,1997,57.831,0.044427588448827014,Jeju-do
제주특별자치도,1998,62.258,0.0765506389306773,Jeju-do
제주특별자치도,1999,63.046,0.012657007934723194,Jeju-do
제주특별자치도,2000,64.358,0.02081020207467571,Jeju-do
제주특별자치도,2001,66.288,0.029988501817955694,Jeju-do
제주특별자치도,2002,68.182,0.028572290610668682,Jeju-do
제주특별자치도,2003,70.402,0.03255991317356485,Jeju-do
제주특별자치도,2004,73.223,0.04006988437828468,Jeju-do
제주특별자치도,2005,75.058,0.025060431831528455,Jeju-do
제주특별자치도,2006,76.503,0.019251778624530272,Jeju-do
제주특별자치도,2007,78.135,0.021332496764832818,Jeju-do
제주특별자치도,2008,82.131,0.05114225379151462,Jeju-do
제주특별자치도,2009,83.62,0.01812957348625981,Jeju-do
제주특별자치도,2010,86.446,0.03379574264530009,Jeju-do
제주특별자치도,2011,90.156,0.04291696550447688,Jeju-do
제주특별자치도,2012,91.257,0.01221216557966191,Jeju-do
제주특별자치도,2013,92.519,0.013829076125667077,Jeju-do
제주특별자치도,2014,93.55,0.011143656978566474,Jeju-do
제주특별자치도,2015,94.149,0.006402993051843974,Jeju-do
제주특별자치도,2016,95.366,0.012926318920009758,Jeju-do
제주특별자치도,2017,97.553,0.02293270138204389,Jeju-do
제주특별자치도,2018,99.252,0.01741617377220586,Jeju-do
제주특별자치도,2019,99.574,0.003244267118042989,Jeju-do
제주특별자치도,2020,100,0.004278225239520376,Jeju-do
제주특별자치도,2021,102.63,0.026299999999999955,Jeju-do
제주특별자치도,2022,108.71,0.05924193705544187,Jeju-do
제주특별자치도,2023,111.95,0.02980406586330613,Jeju-do
제주특별자치도,2024,113.97,0.018043769539973168,Jeju-do
충청남도,1990,38.825,NA,Chungcheongnam-do
충청남도,1991,42.151,0.08566645202833227,Chungcheongnam-do
충청남도,1992,44.959,0.06661763659225166,Chungcheongnam-do
충청남도,1993,47.027,0.04599746435641357,Chungcheongnam-do
충청남도,1994,50.414,0.07202245518531908,Chungcheongnam-do
충청남도,1995,52.817,0.04766533105883284,Chungcheongnam-do
충청남도,1996,56.365,0.06717534127269632,Chungcheongnam-do
충청남도,1997,58.9,0.044974718353588156,Chungcheongnam-do
충청남도,1998,63.131,0.07183361629881158,Chungcheongnam-do
충청남도,1999,63.518,0.006130110405347618,Chungcheongnam-do
충청남도,2000,64.099,0.009147013445007762,Chungcheongnam-do
충청남도,2001,66.39,0.035741587232250065,Chungcheongnam-do
충청남도,2002,67.795,0.021162825726766095,Chungcheongnam-do
충청남도,2003,70.279,0.0366398701969171,Chungcheongnam-do
충청남도,2004,73.019,0.03898746424963374,Chungcheongnam-do
충청남도,2005,75.363,0.03210123392541659,Chungcheongnam-do
충청남도,2006,77.291,0.02558284569351004,Chungcheongnam-do
충청남도,2007,79.22,0.024957627666869393,Chungcheongnam-do
충청남도,2008,83.12,0.049229992426155084,Chungcheongnam-do
충청남도,2009,85.387,0.027273820981713135,Chungcheongnam-do
충청남도,2010,87.954,0.030063124363193378,Chungcheongnam-do
충청남도,2011,91.561,0.04101007344748407,Chungcheongnam-do
충청남도,2012,93.753,0.023940323937047356,Chungcheongnam-do
충청남도,2013,94.867,0.01188228643350084,Chungcheongnam-do
충청남도,2014,95.309,0.004659154395100435,Chungcheongnam-do
충청남도,2015,95.515,0.00216139084451629,Chungcheongnam-do
충청남도,2016,96.171,0.006868031199288132,Chungcheongnam-do
충청남도,2017,98.036,0.019392540370797795,Chungcheongnam-do
충청남도,2018,99.437,0.014290668733934435,Chungcheongnam-do
충청남도,2019,99.343,-9.453221637820338e-4,Chungcheongnam-do
충청남도,2020,100,0.006613450368923794,Chungcheongnam-do
충청남도,2021,102.76192310854738,0.027619231085473785,Chungcheongnam-do
충청남도,2022,108.66897904140397,0.05748292513577206,Chungcheongnam-do
충청남도,2023,112.22675952125098,0.03273961448088567,Chungcheongnam-do
충청남도,2024,114.50514306294221,0.02030160677730161,Chungcheongnam-do
충청북도,1990,40.132,NA,Chungcheongbuk-do
충청북도,1991,43.534,0.08477025814811126,Chungcheongbuk-do
충청북도,1992,46.016,0.05701290945008498,Chungcheongbuk-do
충청북도,1993,47.912,0.04120305980528514,Chungcheongbuk-do
충청북도,1994,50.879,0.0619260310569377,Chungcheongbuk-do
충청북도,1995,53.014,0.041962302718213905,Chungcheongbuk-do
충청북도,1996,55.709,0.050835628324593506,Chungcheongbuk-do
충청북도,1997,58.372,0.04780197095621886,Chungcheongbuk-do
충청북도,1998,62.684,0.07387103405742475,Chungcheongbuk-do
충청북도,1999,63.196,0.008167953544764222,Chungcheongbuk-do
충청북도,2000,64.456,0.019937970757642972,Chungcheongbuk-do
충청북도,2001,66.776,0.03599354598485778,Chungcheongbuk-do
충청북도,2002,67.953,0.01762609320714039,Chungcheongbuk-do
충청북도,2003,70.353,0.03531852898326772,Chungcheongbuk-do
충청북도,2004,72.684,0.0331329154407062,Chungcheongbuk-do
충청북도,2005,74.962,0.031341147983049995,Chungcheongbuk-do
충청북도,2006,76.661,0.02266481684053251,Chungcheongbuk-do
충청북도,2007,78.748,0.027223751320749837,Chungcheongbuk-do
충청북도,2008,82.789,0.05131558896733881,Chungcheongbuk-do
충청북도,2009,84.806,0.024363140030680356,Chungcheongbuk-do
충청북도,2010,87.3,0.029408296582788953,Chungcheongbuk-do
충청북도,2011,91.148,0.044077892325315,Chungcheongbuk-do
충청북도,2012,92.938,0.019638390310264695,Chungcheongbuk-do
충청북도,2013,94.104,0.012545998407540476,Chungcheongbuk-do
충청북도,2014,95.22,0.011859219586840088,Chungcheongbuk-do
충청북도,2015,95.073,-0.0015437933207309974,Chungcheongbuk-do
충청북도,2016,95.613,0.005679846013063712,Chungcheongbuk-do
충청북도,2017,97.524,0.019986821875686376,Chungcheongbuk-do
충청북도,2018,99.122,0.016385710184159786,Chungcheongbuk-do
충청북도,2019,99.487,0.0036823308649946013,Chungcheongbuk-do
충청북도,2020,100,0.005156452601847531,Chungcheongbuk-do
충청북도,2021,102.69,0.026899999999999976,Chungcheongbuk-do
충청북도,2022,108.52,0.056772811374038355,Chungcheongbuk-do
충청북도,2023,112.39,0.03566162919277557,Chungcheongbuk-do
충청북도,2024,114.83,0.02171011655841265,Chungcheongbuk-do
